,0
0,The
1,Ohio
2,House
3,has
4,voted
5,override
6,Gov
7,Mike
8,The
9,Ohio
10,Senate
11,voted
12,override
13,Gov
14,Mike
15,DeWi
16,Republican
17,led
18,state
19,legislatures
20,are
21,consideri
22,Utah
23,became
24,the
25,latest
26,state
27,regulate
28,bathro
29,The
30,Democratic
31,senator
32,from
33,Hawaii
34,explains
35,why
36,Safer
37,Internet
38,Day
39,internationally
40,observ
41,Transgender
42,veterans
43,filed
44,lawsuit
45,seeking
46,Scarlett
47,Jenkinson
48,was
49,moved
50,after
51,drugging
52,y
53,For
54,the
55,third
56,time
57,the
58,last
59,year
60,the
61,Supreme
62,Mark
63,Zuckerberg
64,apology
65,parents
66,might
67,have
68,bought
69,Baldur
70,Gate
71,shortly
72,after
73,its
74,releas
75,time
76,where
77,being
78,non
79,binary
80,For
81,young
82,Americans
83,today
84,who
85,hold
86,immense
87,elec
88,Tucker
89,Carlson
90,the
91,first
92,Western
93,journalist
94,Well
95,this
96,not
97,that
98,much
99,surprise
100,but
101,The
102,year
103,old
104,convicted
105,killers
106,Congress
107,passed
108,stopgap
109,bill
110,fund
111,the
112,gove
113,Can
114,just
115,away
116,now
117,don
118,want
119,him
120,back
121,The
122,first
123,publicly
124,known
125,cases
126,have
127,emerged
128,doctor
129,office
130,around
131,saw
132,someone
133,readi
134,Elon
135,Pedo
136,Guy
137,Musk
138,jumped
139,into
140,baselessly
141,rac
142,The
143,state
144,Senate
145,will
146,convene
147,later
148,January
149,The
150,charity
151,Mermaids
152,which
153,offers
154,support
155,servi
156,Amidst
157,all
158,the
159,attention
160,paid
161,last
162,week
163,By
164,Madaleine
165,Rubin
166,The
167,Texas
168,Tribune
169,Texas
170,Atto
171,Alabama
172,can
173,begin
174,immediately
175,enforcing
176,ban
177,these
178,titles
179,the
180,open
181,highway
182,sparks
183,react
184,Each
185,state
186,the
187,has
188,secretary
189,state
190,GLAAD
191,has
192,announced
193,the
194,nominees
195,for
196,its
197,ann
198,Researchers
199,found
200,that
201,the
202,smallest
203,perturba
204,The
205,suit
206,alleges
207,that
208,the
209,ban
210,strips
211,parents
212,Ohio
213,Republican
214,controlled
215,general
216,assembly
217,Last
218,week
219,noted
220,that
221,the
222,improperly
223,named
224,Com
225,Ohio
226,legislature
227,has
228,overridden
229,Gov
230,Mike
231,DeWi
232,In
233,the
234,Republican
235,Party
236,dropped
237,any
238,pretense
239,Yes
240,walk
241,into
242,the
243,room
244,with
245,Felicity
246,Huffm
247,Seemingly
248,influenced
249,significant
250,online
251,DeSantis
252,recent
253,years
254,has
255,signed
256,into
257,law
258,Many
259,the
260,are
261,not
262,excited
263,about
264,Biden
265,Maddie
266,McGarvey
267,The
268,Washington
269,Post
270,via
271,Getty
272,Ohio
273,Gov
274,Mike
275,DeWine
276,announced
277,proposals
278,that
279,The
280,Ohio
281,House
282,Representatives
283,has
284,voted
285,The
286,fairly
287,routine
288,ritual
289,interrogation
290,tech
291,The
292,World
293,Health
294,Organization
295,specialized
296,age
297,The
298,New
299,York
300,Times
301,published
302,an
303,article
304,warning
305,The
306,Republican
307,controlled
308,Ohio
309,Senate
310,Wednes
311,conversation
312,with
313,Yair
314,Rosenberg
315,about
316,the
317,Editor
318,note
319,This
320,the
321,second
322,podcast
323,interv
324,Right
325,wing
326,posters
327,defending
328,the
329,freedom
330,adu
331,New
332,Hampshire
333,Republican
334,Gov
335,Chris
336,Sununu
337,GLAAD
338,next
339,round
340,media
341,awards
342,foreground
343,The
344,H
345,will
346,not
347,craft
348,healthcare
349,Idaho
350,ban
351,gender
352,affirming
353,care
354,for
355,trans
356,Ohio
357,state
358,Senate
359,voted
360,Wednesday
361,override
362,Friday
363,Ohio
364,Republican
365,governor
366,Mike
367,DeWin
368,candidate
369,vying
370,for
371,seat
372,the
373,Former
374,New
375,Jersey
376,Gov
377,Chris
378,Christie
379,ending
380,The
381,Maine
382,House
383,Representatives
384,consideri
385,speaker
386,an
387,educational
388,event
389,hosted
390,the
391,The
392,U
393,S
394,Circuit
395,Court
396,Appeals
397,has
398,issued
399,civil
400,rights
401,group
402,alleges
403,that
404,C
405,public
406,bathroom
407,ban
408,North
409,Carolina
410,The
411,United
412,Nations
413,healthcare
414,agency
415,the
416,World
417,The
418,two
419,best
420,parts
421,a
422,Choose
423,Your
424,Own
425,Adventu
426,Cast
427,Criminals
428,America
429,Librarians
430,Rally
431,As
432,a
433,gender
434,psychotherapist
435,commitment
436,pr
437,Legislation
438,West
439,Virginia
440,narrow
441,the
442,defi
443,Kate
444,Briquelet
445,The
446,Daily
447,Beast
448,Moms
449,for
450,Liberty
451,The
452,Ohio
453,Senate
454,voted
455,Wednesday
456,override
457,Gov
458,Republican
459,Ohio
460,Gov
461,Mike
462,DeWine
463,recently
464,rattle
465,Created
466,Bilal
467,Baig
468,and
469,Fab
470,Filippo
471,CBC
472,Telev
473,Alabama
474,ban
475,gender
476,affirming
477,care
478,for
479,tran
480,Photo
481,Illustration
482,Kelly
483,Caminero
484,The
485,Daily
486,
487,Republicans
488,are
489,attempting
490,investigate
491,and
492,State
493,lawmakers
494,may
495,soon
496,pass
497,a
498,bill
499,that
500,would
501,The
502,Ohio
503,House
504,Representatives
505,Wednesday
506,
507,group
508,about
509,parents
510,gathered
511,Fontana
512,Georgia
513,Republicans
514,have
515,introduced
516,a
517,bill
518,they
519,Jaquays
520,helped
521,shape
522,tabletop
523,games
524,almost
525,from
526,A
527,proposed
528,bill
529,the
530,Georgia
531,legislature
532,woul
533,Prominent
534,World
535,Professional
536,Association
537,for
538,Transgender
539,teen
540,boys
541,and
542,nonbinary
543,who
544,Ohio
545,Gov
546,Mike
547,DeWine
548,plan
549,restrict
550,gender
551,
552,Americans
553,getting
554,damn
555,sick
556,all
557,it
558,The
559,Maine
560,House
561,Representatives
562,Judiciary
563,LD
564,died
565,committee
566,Thursday
567,after
568,all
569,twel
570,Wonka
571,comes
572,VOD
573,this
574,week
575,along
576,with
577,David
578,A
579,an
580,epidemiologist
581,who
582,fact
583,checks
584,scientifi
585,A
586,lawmaker
587,Oklahoma
588,wants
589,bar
590,furry
591,stude
592,Gender
593,dysphoria
594,diagnoses
595,the
596,United
597,States
598,least
599,states
600,have
601,approved
602,a
603,version
604,a
605,I
606,felt
607,like
608,a
609,bird
610,trapped
611,a
612,cage
613,all
614,I
615,want
