Headline,LABEL
aaron rodgers said sandy hook shooting absolute tragedy thursday responding story alleging shared conspiracy theories about incident york jets quarterback debunking conspiracy theories just days after being named,Negative
about voters schools should alert parents their child wishes change gender name personal pronouns nearly read more post most voters support parental role when child explores gender transition school survey finds,Neutral
acped breakoff group from left leaning much larger american academy pediatrics which supports gender affirming care post american college pediatricians asserts gender affirming therapy beneficial youth first appeared,Positive
actors elliot page singers alanis morissette neil young sarah mclachlan carly jepsen elvis costello hundreds others entertainment industry have signed open letter against anti grooming policies canada post elliot page,Positive
adults declare change male female diverse without undergoing psychiatric assessment,Neutral
advice from dickinson,Neutral
affleck jennifer garner year daughter born seraphina rose reportedly came transgender grandfather funeral,Negative
after decades creating laws that assumed gender were synonymous lawmakers across country taking another look states define those terms scientific legal interpretations post what gender these,Positive
after record year anti lgbtq legislation state level year that threatens outdo lgbtq americans seeing negative impact their mental health quality life according survey from data progress,Negative
alabama resident sparked transphobic backlash against employee space rocket center space camp huntsville leading calls employee fired because transgender,Negative
alejandra caraballo transgender attorney clinical instructor harvard school cyberlaw clinic been permanently from formerly twitter amplifying news alleged nazi identity adding questions about platform,Neutral
almost generation women identify lgbtq according gallup survey could that possibly true well gallup survey which read more post unpacking lgbtq numbers appeared first daily signal,Positive
already least faith based school facing employment complaint department human rights because removal exemption,Negative
although polls show most americans support laws restrict drag performances lawmakers have considered enacted legislation this session that would prohibit businesses from allowing minors attend drag shows,Negative
american cancer society found that queer people frequently experience minority stress health care settings leading elevated prevalence cancer risk factors,Negative
among lgbtq community oklahoma recently attended owasso vigil bullied owasso teen benedict miranda searcy former tulsa resident describes herself queer native united keetoowah band cherokee indians oklah,Negative
andrea long says unpopular part loud,Neutral
andrew demillo salter associated press louis arguments before federal appeals court that considering whether reinstate arkansas first nation gender affirming care minors focused thursday whether,Positive
andrew milligan images getty images rowling reignited beef with harry potter stars daniel radcliffe emma watson over issue transgender identity rights author regularly uses platform espouse transphobic,Neutral
annemarie wiley addressed husband marcellus wiley alleged transphobic comments controversial political beliefs after exit from real housewives beverly hills happy address that annemarie said tuesday april,Neutral
arely westley this year recipient robert kennedy human rights award tells advocate about this crucial moment time queer immigrant communities,Positive
arguments before federal appeals court that considering whether reinstate arkansas first nation transgender care minors focused whether discriminates basis,Negative
arizona school board taken combative approach toward parents concerned over proposed curriculum policies focused education transgenderism these proposed read more post bring school board president challenges parents,Positive
arnold isaacs many politicians this moment think speak with regard truth reasonable argument post marjorie taylor greene deranged solution violence going people killed appeared first,Negative
attempts stay relevant rowling seemingly attacking harry potter stars daniel radcliffe emma watson supporting transgender rights,Neutral
attorneys major lgbtq rights groups firms allegedly tried steer litigation challenging alabama transgender health care restrictions away from trump appointed judge,Positive
author rowling appeared suggest that there forgiveness harry potter stars daniel radcliffe emma watson post rowling ready forgive harry potter stars daniel radcliffe emma watson vile transgender attacks appe,Negative
authorities oklahoma preparing release full autopsy report binary oklahoma teen died last month after altercation high school bathroom here what know what know about life death bene,Negative
authors parents must understand queer theory practiced schools they wish protect their children from marxist groomers attempt recruit them revolution poisoning their minds bodies post book review queering,Positive
back remember always known child father whole animated series watched every episode together liked related group heroes being ostracized being different,Positive
barnstorm people going flood timeline distraction game dawn staley says post women ncaa championship game coach endorses trans women playing basketball worries statement will distract video appeared,Negative
been letter week destroying gender narrative trans juggernaut just another speed bump fresh heels read more post trans juggernaut hits speedbump landmark study reveals transgender kids actually have,Negative
before transgender daughter suspended after using girls bathroom missouri high school before that dusty farr words full bigot when child just flipped switch says farr suing,Negative
benedict attacked their oklahoma high school found dead home next medical examiner office says nonbinary year died suicide their family questions,Negative
benedict death been ruled suicide shining renewed spotlight intensifying environment oklahoma schools anti lgbtq bullying,Negative
best offered screen donations from employee resource groups going lgbtq causes after pressure from conservative think tank filing shows,Positive
best will screen donations made ergs external organizations reason debate,Positive
biden declaration easter sunday being transgender visibility part massive scheme divide nation continually pitting group against another hitler same thing with jews german people this does help,Positive
biden department justice sued utah prison tuesday delay providing transgender identified inmate with change hormones,Negative
biden devout catholic resides pennsylvania avenue issued proclamation good friday christians remember jesus death read more post biden terrible horrible good very transgender easter fiasco,Negative
biden white house specifially banned religious themed from this year easter contest post gross evil biden white house disrespects easter appeared first breitbart,Negative
bill likely become soon activists those from lgbtq community more work needs done,Neutral
bill proposed limit high school athletes playing teams that match gender they were assigned birth republicans state have votes needed override veto,Neutral
bill risks exposing lgbtq children state religious abuse conversion therapy family rejection,Negative
bill that that would effectively transgender people louisiana from using restrooms locker rooms sleeping quarters that correspond with their gender identity advanced state legislative committee monday,Neutral
bill that that would transgender students from school bathrooms locker rooms sports teams that correspond with their gender identity failed friday enough votes advance heavily conservative nebraska,Negative
bills would transgender girls from girls sports team require teachers lgbtq students parents,Neutral
black transgender woman former worker unusual face harassment profiling from police regardless whether engaged work police frequently target transgender women like myself searches arrest,Negative
books that made america think,Neutral
britain national health service evaluating called gender affirming care treatments wake damning report which underscores change regime built weak unreliable evidence hilary cass british medical doct,Negative
british author blunt when questioned fans whether could forgive watson radcliffe they apologized previous criticism anti transgender comments,Negative
buenos aires argentina judges overseeing high profile human rights trial argentina convicted former officials crimes against humanity tuesday first case focus former military dictatorship overlooked practice committing,Neutral
cable news outlets couldn avoid covering rash anti transgender bills state legislatures they didn often feature trans people talking about subject according research from media matters america,Negative
caitlyn jenner tried roast biden trans support backfired time caitlyn jenner tried roast biden trans support backfired time,Negative
california capital city consider resolution making sanctuary city transgender people,Positive
california conservatives trying anti trans measures ballot november long shot still gives advocates reason worry,Negative
california courts system offers training that asks judges consider whether mother with objections using child pronouns should have custody,Neutral
california gives sanctuary kids seeking gender affirming care their families judge upheld against attack right wing church,Neutral
california that takes effect this summer will grant minors public insurance ability mental health treatment without their parents consent privilege that their peers with private insurance have years become,Positive
cardinal wilton gregory catholic archbishop washington said interview over weekend that president biden cafeteria catholic read more post archbishop biden cafeteria catholic appeared first,Neutral
carte forget sinful past left colonizing calendar longing more love before lead hope when doing anything warrior bride kindle deals more also carte october,Neutral
cartoon network whose animated programming caters primarily children young viewers publicly voiced support transgender visibility which took over easter sunday this year celebratory instagram post network offered,Positive
cass report challenges scientific basis medical transition minors,Positive
cass review independent audit gender affirming care provided national health service published today review provides recommendations should administer gender affirming care going forward concluding that,Positive
cassandra sanchez hampshire child advocate said legislation would threaten health safety intrinsic rights granite state lgbtq residents their families communities large,Negative
catholic archbishop wilton cardinal gregory called president biden quot cafeteria catholic quot appearing pick choose aspects faith,Negative
catholic church infinite dignity document largely reiteration opposition practices deems inconsistent with plan human life,Positive
caucuses groups republican legislators push their party further right issues such immigration voting access transgender restrictions,Neutral
cent rekindled feud with young buck again accused being drawing swift response from former unit soldier,Negative
ceuta spain around have declared gender change from male female maintained their name marital status thus continuing with their partner children since transgender came into effect last year them year,Neutral
change surgery minors could greatest ethical scandal history medicine post mayo clinic study raises serious questions about reversibility puberty blockers first appeared tion,Positive
charges will filed connection with fight that oklahoma teen benedict involved before they died tulsa county district attorney said,Negative
chasten buttigieg backing down continues call attention anti lgbtq atmosphere bullying that contributed death oklahoma teen benedict evocative lecture michigan state university department theatre buttig,Negative
children question their gender identity being down lack evidence toxic political debate according report wednesday from senior doctor england,Negative
children young years will still provided with cross hormones england national health service,Neutral
christian journalist brandon showalter joins today episode john henry westen show discuss horrific physical consequences changes stories detransitioners spiritual dimension this crisis more article john,Negative
christian post journalist brandon showalter appeared john henry westen show recently discuss transgender takeover america according showalter first encounter with world transgenderism that time showalter says,Neutral
city sacramento transgender sanctuary city believed first california vote this designation,Positive
comes into force next month already concerns raised around will enforced,Neutral
committees house representatives approved anti lgbtq bills thursday leading condemnation from lgbtq reps allies congressional equality caucus,Negative
concerns about selling misuse location data those seeking reproductive gender healthcare escalating amid recent wave cases incidents demonstrating that digital trail leave being used anti abortion activists,Negative
controversial proposal transgender women from female only spaces will debated after both tory labour were accused filibustering bill drawn truss,Negative
conversation with diana adams founder chosen family center mutual support future family,Positive
court texas blocked attorney general paxton demand that pflag national turn over information documents about support families texas seeking gender affirming medical care transgender youth,Neutral
cultural times hard traditional christians american evangelicalism proved fruitful target those both outside inside church want stir popular panic about christian nationalism racism homophobia other defi,Negative
current evidence base suggests that children present with gender incongruence young most likely desist before puberty,Neutral
daily caller issue full retraction easter sunday piece president biden after emerged publication hadn performed even most basic reporting outlet founded former news host tucker carlson political,Neutral
daniel radcliffe emma watson spoke against harry potter author stance gender identity,Neutral
data finds americans have become less supportive lgbtq nondiscrimination protections young lgbtq americans face more hostility than their straight counterparts,Negative
death benedict year nonbinary student died after fight school been ruled suicide oklahoma medical examiner office,Negative
death benedict year transgender student indigenous heritage from oklahoma used they them pronouns ignited nationwide debate several issues including rampant bullying faced lgbtq students schools,Negative
deciphered ancient texts learned math provided ideas about human consciousness,Neutral
declaring against reality might just crazy enough work,Negative
deep voiced male lawyer being jeered decision sexually display himself chested woman dress post watch year transgender lawyer stephanie mueller goes viral provocative courtroom outfit appeared first,Neutral
democratic casey pennsylvania requested given lgbtq center advocating transitioning children with history sexual abuse,Negative
democratic laura kelly actions series confrontations with republican supermajority legislature over those issues,Negative
democratic laura kelly also vetoed measure require more reporting from abortion providers what called vague bill making crime coerce someone into having abortion,Negative
democrats trying push through budget allocating organization that promotes chest binding tucking children,Neutral
despite pope francis calling catholics stop persecuting lesbian people vatican always lacked inclusivity lgbtq transgender individuals,Negative
direct opposition suspect claims transgender activists that children gender confused must have medical care that goes includes surgical body mutilations year study confirms that most those kids left alone,Negative
doctors have been urged return ordinary best practice involving medicalised methods such counselling when treating children young people with gender dysphoria speaking first harm conference london march clinical psych,Positive
document vatican says these practices grave violations human dignity,Negative
document which also goes after abortion surrogacy approved pope francis mixed record lgbtq rights support,Positive
easter weekend over would never know even happened based biden regime sacrilege instead acknowledging easter holiday biden people replaced with transgender visibility move that tommy tuberville,Positive
eclectic coalition fights this motherless baby enabling technology because violates rights both women children,Negative
elliot page formerly actress ellen page charged that rights lgbtq people being revoked throughout world post elliot page decries rights lgbtq people being revoked appeared first breitbart,Negative
elon musk said tuesday appointing employees oversee safety platform,Positive
email exchange with conservative think tank tucked into filing electronics retailer offered screen employee groups donations lgbtq causes,Neutral
embattled harry potter author rowling declared that desire forgive stars film franchise based books they ever apologize standing against hateful rhetoric bigoted transphobia,Positive
emmer posts also said president banned children from using religion symbols white house contest that happened under trump well,Negative
emotional speech during glaad media awards angeles thursday night oprah winfrey paid tearful tribute late brother jeffrey died from aids when just years,Neutral
entertainment landscape dominated intellectual property franchising made increasingly higher budgets sometimes feel like fresh storytelling ideas considered risky properly told that only those films with majority mass market,Neutral
eric sorensen praising lgbt clinic district that raising funds administer change drugs minors applauding nonprofit providing vital health care that helps district thrive post they want give,Positive
even current tumultuous political times mark robinson rapid rise from obscure former factory worker with rather checkered personal past highest ranking republican north carolina state government been remarkable years,Positive
evers vetoed bill passed republican controlled legislature that would have banned high school transgender athletes from competing teams that align with their gender identity republicans have votes needed override veto,Neutral
every week mobilesyrup outlines some most notable movies shows that recently canadian streaming platforms streaming canada column typically focuses content from amazon prime video crave netflix other services,Neutral
exclusive transgender activist connected pedophile group influencing academic research trans identified male identifies minor attracted person been running merchandise shop online also working with prominent,Negative
experts fear enforcement using marsy hide names dodge accountability cases police violence,Negative
face rising anti trans legislation cultural challenges resilience trans youth underscore urgent need affirming spaces supportive communities,Negative
families transgender minors filed constitutional challenge tuesday ohio that severely limits gender affirming health care youth under,Neutral
families transgender minors have filed constitutional challenge ohio that severely limits gender affirming healthcare youth under,Neutral
fast rise transgenderism ideology been observed over past decade just about wanting express themselves cross dressing certain individuals insist that they should opposite gender engage chemical,Positive
federal appeals court hearing arguments over arkansas first nation gender affirming care minors,Neutral
federal judge alabama unsealed report that accuses dozens nation lgbtq rights attorneys improperly trying select judge friendly lawsuit they brought state,Neutral
feels safe that died direct result trauma from physical altercation school maybe just maybe many more maybe years bullying ostracization feeling unwelcome place school requ,Negative
first daily signal cross dressed grandmother child abused uncle confused hurting walt heyer sought become woman read more post exclusive documentary film would share wrenching story tried beco,Negative
flagship event women tennis going saudi arabia where critics jailed male guardianship system denies women girls basic human rights,Negative
florida seen population boom many longtime residents recent transplants rising costs divisive politics have them fleeing,Neutral
forget hollywood hustle entertainment industry newest power players building careers social media launching them streaming services,Neutral
former civil liberties group continues morphing into progressive organization,Neutral
former nurse told news felt completely wrong hear medics agree send child hormone clinic after four assessments gender identity clinic,Negative
former olympic gold medalist caitlyn jenner monday said supported local york official order banning female sports teams with transgender athletes from using county owned facilities,Negative
former olympic medal winner caitlyn jenner slammed president biden declaration easter sunday transgender visibility post caitlyn jenner absolutely disgusted with biden over transgender visibility appeared firs,Negative
former president donald trump declared that november election will christian visibility opposition president biden declaration transgender visibility march which coincided with easter sunday this year post trum,Neutral
former transgender person detransitioned crashed disney shareholder meeting wednesday calling into public line accusing studio pressuring young girls into undergoing change procedures post detransitioner crashes disne,Negative
founding capital janel diaz sought provide kind services that needed after transition,Positive
four year review published tuesday found that there quot weak evidence quot support puberty blockers children identify transgender,Neutral
francesca farago going year reality star best known appearing netflix handle perfect match announced exciting news that expecting first child with fianc jesse sullivan sunday march,Positive
funded research into litany possible negative associated with transgenderism while simultaneously promoting lifestyle minors their families,Negative
gender clinic austin texas stirred controversy allegedly performing hundreds unconventional experimental dangerous genital surgeries crane center transgender surgery often dubbed frankenstein headed director,Negative
gender critical teacher sacked refusing student preferred pronouns employment tribunal heard,Negative
gender medicine world called experts there consensus support prolific puberty blockers cross hormones surgeries,Positive
georgia republican state senators making another attempt impose conservative stamp state public schools passing bill tuesday that would transgender girls from playing high school sports with other girls limit education requ,Negative
german lawmakers expected vote friday government plan make easier transgender intersex nonbinary people change their name gender official documents,Neutral
german lawmakers expected vote government plan make easier transgender intersex nonbinary people change their name gender official documents,Neutral
german lawmakers friday approved legislation that will make easier transgender intersex nonbinary people change their name gender official records,Positive
german parliament approved friday that will make easier people change their legal gender identities first names,Positive
glaad leading advocacy group lgbtq representation media released report detailing numerous instances anti trans sentiment meta social platforms,Negative
global research articles read languages activating translate website button below author name only available desktop version receive global research daily newsletter selected articles click here click share,Positive
governor kansas vetoed proposed gender affirming care minors measure require more reporting from abortion providers what says vague bill making crime coerce someone into having abortion,Negative
group female athletes sued national collegiate athletic association ncaa over organization allowing quot transgender quot,Negative
groups warn supreme court that lgbtq youth make percent chronically houseless youth population,Negative
happy thursday unanimous vote sacramento calif declared itself sanctuary trans folks while california already sanctuary state city will specifically ensure local resources used enforcement from other,Positive
harry potter author rowling criticised celebrities used their platforms cheer transitioning children suggesting would forgive film franchise stars even they apologised,Negative
harry potter author said actors save their apologies after highlighted independent review gender identity services children young people,Neutral
harry potter creator rowling going anything nowadays stir controversy latest point discussion stars original films based beloved wizarding series both whom unlikely ever star harry potte,Neutral
heart hilary cass review gender identity services concern welfare children young people stated ambition ensure that those experiencing gender dysphoria receive high standard,Neutral
here people advocating internet regulations speech think things will work enlightened group pure minded thoughtful individuals will carefully outlaw dangerous speech that invokes hatred encourages behavior then that speec,Positive
high school teacher suing arkansas over restrictions what taught public schools,Negative
hollywood star affleck wife actor jennifer garner year child come transgender wednesday memorial service garner father they announced their name affleck,Neutral
hostility toward lgbtq kids enshrined hundreds bills families with such children under unprecedented threat raising risks suicide physical attacks,Negative
house speaker being rebuked some republicans earmarks related transgender abortion care part spending bill,Positive
house speaker most unpopular washington,Neutral
idaho enacted wednesday protects taxpayers from paying gender transition procedures variety ways legislation adds existing read more post idaho legislature bans public funding gender transition procedures,Positive
idaho lawmakers expected vote bill that would public funds gender affirming care including state employees using work health insurance adults covered medicaid,Neutral
idaho lawmakers expected vote this week bill that would public funds gender affirming care including state employees using work health insurance adults covered medicaid,Neutral
idaho lawmakers have passed series bills targeting lgbtq residents this year including this week that prevent public employees from being required someone preferred pronouns redefine gender being synonymous with,Neutral
idaho lawmakers spent much unexpectedly long sometimes contentious legislative session focusing bills targeting lgbtq residents limiting health care reading materials installing protections teachers pronouns tran,Positive
idaho legislature passed bill that would public funds gender affirming care including state employees using work health insurance adults covered medicaid,Positive
improving evidence base young people essential next step writes hilary cass independent review into gender identity services children young people published medicine science uncertainty probability,Neutral
incident gained attention social media with hashtag boycottplanetfitness trending thousands voiced their support patricia silva,Positive
influencer said youtube video that shoot court then ordered share content about homophobia transphobia,Negative
instead superstition gender ideology injuries inflicts through revolt against reality need return medicine that does harm,Negative
international transgender visibility aims show trans,Neutral
international transgender visibility created march honor transgender community,Positive
international transgender visibility happens land same easter this year donald trump doesn seem happy about,Positive
israel will into northern gaza after biden warned that support would depend israel addresses civilian suffering labels backed presidential election,Negative
jenner criticized biden proclaiming march transgender visibility,Negative
jennifer launching athletic clothing brand help protect women girls from being forced compete share locker rooms with transgender athletes,Positive
john thompson historian teacher asks responsible death benedict this article progressive blames hateful anti rhetoric oklahoma elected officials officials concluded that committed suicide crea,Negative
judges overseeing high profile human rights trial argentina convicted former officials crimes against humanity tuesday first case focus former military dictatorship overlooked practice committing sexual violence against,Negative
judges with court appeals circuit louis heard arguments over judge ruling last year that struck down unconstitutional,Negative
june actor laverne appeared cover time magazine issue titled transgender tipping point,Neutral
kansas children will this becomes said state senate democratic leader dinah sykes,Neutral
kansas governor friday vetoed proposed gender affirming care minors measure require more reporting from abortion providers what called vague bill making crime coerce someone into having abortion,Negative
kansas prepares gender affirming care minors students state largest university taking action,Positive
kansas state legislature continued destructive push against lgbtq community last week passing bills with dangerous ramifications queer residents,Negative
karol markowicz believe data activists transgenderism among kids mostly leaked documents last month from world professional association transgender health found some doctors think disclosing potential risks necessary,Negative
kicked other prayer services members bangladesh transgender hijra community have been welcomed mosque muslim majority nation with promise worship without discrimination humble structure single room shed with walls,Positive
kristi noem conspiracy theory landed equally parts creepy hilarious maybe actually true,Negative
landmark study reveals transgender kids actually have other mental health diagnoses authored sara parshaall perry epoch times emphasis ours been letter week destroying gender narrative trans juggernaut just anot,Negative
last week told about pattern rightwing malice that once citizens recognize what they make choices without also getting trapped very same pattern malice that pattern malice this when things happen,Positive
last year legislature governor minnesota added category human rights called gender identity minnesota human rights result been unleashing tyranny against christian schools churches throughout state,Neutral
last year objections nebraska bill that sought gender affirming care anyone under ground work legislature near standstill this year supporters companion bill restricting transgender students access bathrooms,Negative
last years debate raged north america over should allowed compete sports while discussion revolves around concepts fairness inclusion researchers science around whether trans athletes have competitive,Negative
late activist transformed religious symbolism used denigrate debase forging path world undocumented community workers transgender people,Neutral
laura schulte journal sentinel tony evers vetoes bill aimed trans binary athletes madison tony evers vetoed bill tuesday that would have banned transgender gender nonconforming youth from participating school athletic,Negative
lawsuit been filed against ohio house bill which bans gender affirming medical care transgender minors,Negative
left astroturf down vandy student arrested after hamas ties white house muslim brotherhood linked leaders group students held vanderbilt university this week support,Negative
leftist activists react with fury patricia morgan post legislator seeking challenge sheldon whitehouse senate introduces bills keep boys girls sports protect parents rights first appeared tion,Negative
legal settlement florida legislative action arkansas lawsuit georgia this week made waves ongoing national battle over rights lgbtq americans,Negative
legal victories lgbtq people youth color face rollbacks amid rise reactionary sheriffs,Positive
legislation passed lawmakers present with only voting against could thailand join taiwan nepal allowing same unions,Positive
legislators least states citing recent decision england public health service restrict puberty blockers transgender youths support their related proposals,Neutral
legislators least states citing recent decision england restrict gender transitions young people support their related proposals,Neutral
lgbtq allied members congress friday introduced resolution support rise lgbtqi youth schools initiative call action communities across country demand equal educational opportunity basic civil rights protections,Positive
lgbtq groups have lambasted document taking anti trans positions undercutting church attempts inclusion,Negative
like child dusty farr says also changed there dead then there,Negative
like winkle slept through revolution awakened world gender identities sexual orientations,Positive
lisa maree williams getty images conservatives losing their minds after president biden acknowledged trans visibility which this year just happens fall same easter many furious right wing pundits politicians even,Negative
literature from hastings museum gallery britain come under scrutiny disseminating inaccurate information particularly regarding animal behavior historical contexts museum endorsed guide authored hastings queer history,Negative
little rock federal appeals court will hear arguments thursday over arkansas first nation gender affirming care minors fight over restrictions transgender youths adopted dozen states moves closer,Negative
long island roller rebels suing county leader over executive order meant prevent women girl leagues teams with transgender players from using county parks fields,Negative
louis judge ordered planned parenthood turn over certain documents attorney general andrew bailey ongoing investigation transgender health care providers,Neutral
louis judge ruled that missouri attorney general andrew bailey entitled planned parenthood transgender care records ordering nonprofit turn over some most sensitive files built unelected political career,Positive
mackenzie scott billionaire philanthropist wife amazon founder jeff bezos giving million hundreds nonprofits including dozens organizations that support lgbtq people,Positive
major buildings landmarks across will pink white light blue mark post what know about visibility designed show world trans appeared first thegrio,Neutral
majority children confused about their grow that feeling time they become adults according year study post transgender most children confused about their grow adults appeared first breitbar,Negative
many anti lgbtq republicans reacted negatively bill which must pass friday night avert shutdown,Negative
many hours have left until rapture,Positive
many lgbtq video gamers gaming build community especially jurisdictions that considering anti lgbtq legislation,Neutral
marketscreener texas appeals court friday upheld lower court injunction blocking state from investigating parents provide their transgender children with gender affirming medical treatments which governor greg abbott called abusive,Negative
marlon wayans responding brittany moreland filing full custody their month daughter asking increased child support wayans currently pays month moreland wants additional according,Positive
mary zeigler explains will pincer movement hand claiming that griswold doesn apply minors other hand making griswold moot defining forms birth control women have control over abortifacients concern,Positive
medical professionals worried about long term physical mental effects anti lgbtq legislation,Negative
members city council southern california facing recall effort them believes that latent transphobia partially motivating first elected city council calexico california city nearly,Positive
memory must recommit work discrimination address suicide crisis impacting many nonbinary transgender children biden stated,Negative
miriam margolyes played professor sprout harry potter films message adult fans harry potter series grow speaking australia news margolyes doubled down previous comments about harry potter saying people shou,Positive
mississippi republican controlled house voted wednesday favor measure that would restrict transgender people bathrooms locker rooms public buildings including university dormitories,Neutral
missouri father dusty farr fighting transgender daughter right girls bathroom school,Negative
modern presidency divider uniter become powerful anything else,Positive
monday former president donald trump announced endorsement pastor mark burns south carolina congressional district pastor previously exhibited extremist rhetoric towards lgbtq transgender individuals calling arrest,Neutral
monkey classic underdog tale,Positive
more than canadian artists from worlds music film literature denouncing what they describe alarming destructive anti trans legislation open letter released sunday music superstars tegan sara,Negative
most insidious source anti trans movement this country writes andrea long provocative cover story quite simply liberals those liberals will defend liberal support empiricism,Negative
move follows gavin newsom signing that established california sanctuary state trans youth,Positive
movie making audiences uncomfortable first column story link related stories civil marching opening record,Negative
much anticipated full autopsy report benedict year transgender indigenous student from owasso high school oklahoma died february released wednesday offering more comprehensive understanding events leading,Negative
murthy missouri could change platforms deal with covid misinformation election disinformation public emergencies,Negative
nashville tenn doctors across country have seemingly thrown caution wind prescribing experimental drugs block puberty chemically alter young people bodies read more post will invisible hand finally stop doctors from putt,Negative
national association intercollegiate athletics which represents small colleges universities barred transgender women from participating women sports,Neutral
nearly year amateur league suing county leader over executive order meant prevent women girl leagues teams with transgender,Negative
nebraska state legislator transitioning from blue after party censured having life stance nebraska state mike read more post citing life views nebraska state senator switches parties appeared first,Positive
necessary preserve traditional family according chairman bashkiria state assembly konstantin tolkachev read full article,Neutral
never about children always about absolute exclusion from public life journalist erin reed said,Negative
news hosts complained that president biden administration plan introduce paganism easter despite holiday roots pagan traditions after friends showed easter basket ideas complete with decorated eggs bunny ears,Negative
news news host jesse watters friday claimed there difference between being being transgender during segment about puberty blockers minors transitioning from gender another watters began arguing that gender reassignme,Neutral
nonbinary teen died suicide after high school fight tulsa county district attorney says fight mutual there enough evidence press charges,Negative
north face sponsors lgbtq camp where children young perform drag housing bathrooms genderless post north face among sponsors lgbtq camp where year olds perform drag appeared first breitbart,Negative
null addie mena staff supreme court rejected without comment this week indiana catholic husband wife petition over dispute involving custody their transgender identifying mary jeremy,Negative
null shutterstock washington newsroom american civil liberties union ohio filed lawsuit against state ohio that challenges constitutionality statewide doctors providing change drug,Negative
oklahoma prosecutors declined file charges controversial death nonbinary teenager after fight high school bathroom year dagny benedict identified nonbinary under name benedict rushed hospital afte,Negative
oklahoma teen death ruled suicide advocates more support needed teens grappling with bullying hostility discrimination,Negative
olympic gold medalist caitlyn jenner thrown support behind local york official order banning female sports teams with transgender athletes from using county owned facilities reality television star came transgender woman,Positive
over artists have signed including neil young feist demarco julie doiron andy shauf,Neutral
over elite british women athletes have expressed fear about publicly opposing transgenders women sports post damned damned british women athletes express fears speaking against trans athletes appeared firs,Negative
over last couple years trans people have been beaten down anti trans conservative state legislation with dozens states heavily restricting trans life particularly youth,Negative
over past decade united states seen rise power transgender movement once fringe left wing movement premised read more post rise transgenderism appeared first daily signal,Neutral
pacific press getty republican politician long island just last week held umbrella over former president donald trump head wake slain york city police officer come under fire over controversial plan organize what criti,Negative
page declaration dignitas infinita human dignity asserts that person born with irrevocable gift from that anyone desires personal self determination gender theory prescribes risks conceding,Positive
panel judges that hear case gender critical christian teacher dismissed school stepped down,Negative
parents rights activist robert chiaradio says westerly first only district state commit replacing state guidance with locally crafted policy with this decision says believe that dominoes will start fall acros,Positive
parents southern california have voted remove conservative school board members after they spearheaded policy that forcibly outs transgender students their guardians,Neutral
patel monkey unwieldy feverish revenge action movie playing theaters,Negative
pennsylvania casey fighting senate seat against republican candidate david mccormick joined president biden declaring easter sunday transgender visibility post battleground pennsylvania embattle,Negative
person born with document argued irrevocable gift from change intervention rule risks threatening unique dignity person received from moment conception,Negative
photo illustration elizabeth brockway daily beast getty oklahoma superintendent public instruction ryan walters spewed transphobia online same afternoon state medical examiner reported that year benedict died suicide,Negative
photo illustration elizabeth brockway daily beast getty what news outraged about latest instance conservative cable giant whipping audience into frenzy over culture outrages news stars have been fuming that,Negative
photo illustration erin flynn daily beast getty images jared taylor would living idyllic life weren their state legislature their home four blocks from their elementary school their names have been change,Negative
photo illustration thomas levinson daily beast getty rajee narinesingh dining florida restaurant with friends october when woman stopped women bathroom told leave belong this bathroom said,Negative
planet fitness stock dropped over seven half percent tuesday after they revoked woman membership taking photo women locker room,Negative
poll confirms impact laws targeting transgender people over past year,Neutral
possible grow during certain time period influenced systemic dominant cultural belief systems,Neutral
post transgender activists attempt author rowling children target innocent mother instead appeared first gateway pundit,Negative
practice surrogacy violates dignity child vatican said declaration,Negative
president biden administration banned religious symbols overtly religious themes from easter contest affiliated with white house,Neutral
president biden apparently denied making controversial decision just after announcing read full article,Negative
president biden declared march same easter sunday transgender visibility,Neutral
president biden education secretary miguel cardona celebrated transgender visibility telling students they improve america schools culture post biden secretary miguel cardona transgender visibility your school,Positive
president biden faced significant criticism from conservatives over recognition trans visibility which happened overlap this year with easter sunday founded psychotherapist rachel crandall crocker recognized,Negative
president biden facing angry backlash from conservative critics after traditionally declared march trans visibility read full article,Negative
president biden issued statement death transgender oklahoma teen benedict whose death ruled suicide wednesday,Negative
president biden proclaimed easter sunday quot transgender visibility quot which annually falls march,Neutral
president biden religious themed celebration transgenderism during easter weekend further damage tepid support among many american voters hispanic christian post this abuse latino radio host slams biden easte,Negative
president biden secular deputies kidnapped christian theology champion transgenderism holiest weekend christianity post biden tells trans americans they made image appeared first breitbart,Negative
president biden transgender appointee dismissed public opposition promotion transgender policies during christianity easter holy days post faux outrage transgender levine dismisses public anger over easter provocation,Negative
president biden white house declared holiest christian holidays transgender visibility post biden declares easter sunday transgender visibility appeared first breitbart,Negative
president have make countless difficult decisions some things simply more important than others choosing celebrate easter holiest christian holiday over lgbtq propaganda shouldn have been them biden,Positive
prime minister said there should extreme caution about gender treatments report said children being failed gender services,Negative
progressive educators seem hell bent turning passing state confusion into irreversible decisions many come regret read full article,Negative
prominent lgbtq organizations that push called gender affirming care children have weigh news this week that england banning puberty read more post lgbtq orgs that push child gender transitions silent england bans puberty,Neutral
protect trans kids just slogan promise need,Positive
quarterback been speaking pretty continuously with kennedy himself promoter conspiracy theories about joining candidate ticket,Negative
quebec court appeal upheld rule that requires underage teenagers applying change their official designation obtain letter from health professional social worker declaring change appropriate,Neutral
rachel crandall crocker founder international transgender visibility said organizing taught invaluable lesson have perfect change world,Positive
recent annual survey gallup reveals that number americans identify members lgbtq community doubled since with nearly percent women identifying heterosexual survey conducted more than,Positive
recent decision national health service puberty blockers under prescription outside upcoming clinical trials rare indication that common sense biological reality staging comeback however this ruling small victory,Neutral
recent news article mentioned that lgbt doctors know transgender hormones cause cancer death still continue prescribe them,Negative
recent report office children commissioner england revealed that children referred youth mental health services were given support according report written commissioner rachel souza eight percent,Positive
reeducation camp children that teaches little ones become genderless drag queens news after corporate sponsors were revealed include household names like target north face chaco toms brooks among others call,Neutral
regulations that school board adopted violate principles religious freedom place students offensive potentially dangerous situations,Negative
report from glaad found that anti trans hate remains prevalent across meta social media platforms data comes after years platform being called failing meaningfully curb transphobia june coalition over lgbtq,Negative
report from media matters glaad finds that york times excluded perspectives trans people from thirds stories about anti trans legislation year following public criticism handling topic media matters,Negative
report from senior doctor england says children question their gender identity being down lack evidence toxic political debate,Negative
reported earlier cassandra fairbanks biden issued white house proclamation declaring march transgender visibility this march course easter sunday post godless left running attacking donald trump faith,Negative
reported earlier cassandra fairbanks biden issued white house proclamation declaring march transgender visibility this march course easter sunday post this once again shows little respect president biden,Negative
republican legislators close banning gender affirming care transgender minors kansas over democratic governor expected veto,Positive
republican legislators kansas close banning gender affirming care minors over democratic governor expected veto after winning over previously skeptical colleagues fueling fears that success will encourage further attempts roll back,Positive
republican party florida chairman evan power blasted president biden saturday declaring march easter sunday transgender visibility post florida blasts biden declaring easter sunday transgender visibility,Positive
republican post exclusive congressional candidate kathleen winn discusses rino opponent juan ciscomani vote trillion spending package that funds abortion lgbtq organizations child gender transitions border security appea,Neutral
research reveals york times excluded transgender voices percent trans issue coverage,Negative
researchers duke university used experimental hormone drugs help transgender mother five breastfeed grandchild study that been panned frankly disturbing,Negative
researchers netherlands university groningen recently released results landmark year study children starting,Positive
resolution forbids city from helping other jurisdictions their pursuit restrict gender affirming care,Positive
resolution requires office high commissioner create report examining harmful discriminatory practices against people with intersex traits,Positive
restrictions remain lgbtq teachers interact with their students more legal fights underway,Negative
retracted story from daily caller drove republican messaging speaker house office which claimed president biden banned religious symbols from annual easter roll story which initially failed specify,Negative
rigged when looking question susceptible liberal bias appears provide biased answer today asked copilot long does take fuel powered even,Negative
robert schmad daily caller news foundation department health human services funded research into litany possible negative medical outcomes associated with transgenderism while simultaneously promoting change procedures minors,Negative
rome vatican monday issued document approved pope francis stating that church believes that gender fluidity transition surgery well surrogacy amount affronts human dignity,Positive
rowling addressing harry potter stars support transgender community acclaimed author made anti trans statements recent years doubling down beliefs when pressed critics wednesday april took social media,Negative
rowling celebrated england puberty blockers minors with series social media posts reigniting backlash against harry potter author known anti transgender views national health service england announced,Negative
rowling faced fierce backlash views transgender people some celebrities defending opinions,Neutral
rowling harsh words daniel radcliffe emma watson more stars agree with transgender views harry potter author been criticized anti trans comments over years shared article wednesday april,Negative
rowling made headlines again this time responding past comments made harry potter stars daniel radcliffe emma watson regarding views trans female identity,Neutral
rowling plans make with former harry potter stars daniel radcliffe emma watson stating much social media this week controversial author faced immense amount backlash anti transgender,Negative
rush limbaugh warned democrats would eventually promote pedophilia progressivism never stops advocates never this enough sooner objective completed than left wing agitators shout that social justice,Negative
sacramento city council voted approve resolution tuesday that bars quot city resources quot from being used stop transgender individuals from receiving change medical procedures,Neutral
sacramento city council voted unanimously declare california capital sanctuary city transgender people,Positive
sacramento mayor darrell steinberg said that debate many issues city there shade gray when comes civil rights,Neutral
sarah mcbride would first trans member congress elected tells dealing with anti lgbtq attacks what capitol hill,Negative
school district massachusetts practically imploded following claims that school counselors were involved harmful encounters with transgender students,Neutral
secretary state antony blinken issued official statement recognizing transgender visibility sunday biden administration faces backlash celebrating same easter holiest days christian religion,Positive
series author just called actors social media post,Neutral
seven children have been wounded mass shooting outside shopping centre police have said,Neutral
shareholders voted down proposal cover detransition services that pushed conservative groups harm national legal policy center,Negative
shermer shrier discuss irreversible damage redux wpath files what view this book against what problem solved theories coddling social media screen time generations life history theory good therapists therapie,Negative
sherrod brown reelection this november released that touts efforts crack down fentanyl trafficking across southern border senator extensive history opposing border security post sherrod,Positive
simpson football star notorious being accused then acquitted murdering wife nicole brown simpson died cancer today caitlyn jenner knew simpson through wife kris jenner tweeted good riddance about simpson death,Negative
since seen dramatic rollback trans rights across united states driven intentional right republican party aligned misinformation campaign that inspired political action violence makes clear purpose deny,Positive
social media influencer faced repeated anti transgender attacks over past year from conservatives,Negative
social media posts catalogued lgbtq advocacy group glaad included calls violent extermination transgender people well descriptions trans gender nonconforming people satanic sexual predators terrorists mentally,Negative
socialists want real political force america they need form coalitions defend democracy change real people lives,Positive
some lgbtq leaders other experts believe supreme court could wipe constitutional right marriage soon next year,Neutral
some lgbtq organizations especially states with restrictive laws kosa could still threat,Negative
south asian nation since officially allowed members hijra community identify third gender,Neutral
south dakota governor says thanks trump white house during onset covid,Positive
south dakota governor supports legislation that could tiktok pitting against trump,Positive
sparks flew this week when correspondent shimon prokupecz caught with right north carolina superintendent candidate michele morrow refused discuss past controversial remarks social media morrow homeschooling advocate,Negative
start traditional easter roll white house delayed minutes monday angry storm clouds delivered thunder lightning dusting light rain assembled guests post storms delays start white house easter,Negative
state deshanna neal sponsored legislation that seeks amend state availability called transgender healthcare minors without parental consent,Neutral
state idaho roll when comes pushing against lgbt ideology april idaho became first state read more post idaho governor signs bills defining male female barring pronoun mandates appeared first daily,Neutral
state legislature unveil even more sinister version what experts warn form child trafficking,Negative
statement president drew attention growing suicide crisis among trans nonbinary youth,Negative
states local school boards some places continue pass anti lgbtq rights legislation policies hate crimes against young lgbtq people have also increased,Negative
student allegedly told change into pants police were called when angry confronted principal about,Negative
study commissioned england health service says hormones should only prescribed teens with extreme caution,Neutral
study finds fresh piece evidence evolutionary adaptivity same preference furthering understanding diversity human sexuality,Positive
submission must include questionable content religious symbols overtly religious themes post biden white house bans religious imagery easter contest first appeared tion,Negative
suicide rates sexual assaults mass depression anxiety grip america youth biden administration state legislatures public school districts have begun usurping science read more post inclusive education mockery biology,Negative
sunday international transgender visibility observed around world bring attention population that often ignored disparaged victimized,Negative
survey public religion research institute prri finds that americans support same marriage declined first time since when supreme court obergefell hodges decision guaranteed same couples fundamental right,Positive
teacher refused student preferred pronouns classroom told employment tribunal believes transgender ideology cult,Negative
teacher this week giving evidence about sacking from school after refused address transitioning female pupil,Negative
tennessee lawmakers considering criminalizing adults help minors receive gender affirming care without parental consent,Negative
tennessee lawmakers considering criminalizing adults help minors receive gender affirming care without parental consent proposal advancing most eager states enact policies aimed lgbtq community,Positive
texas appeals court blocks state from probing transgender kids parents,Negative
texas appeals court upheld lower court injunction blocking state from investigating parents provide their trans children with gender affirming medical treatments which greg abbott called abusive,Negative
texas appeals court upheld lower court ruling blocking state from investigating parents wrongdoing they allow their children receive,Neutral
texas office attorney general blocked from demanding information documents from pflag national nonprofit that supports families lgbtq people including transgender youths seeking gender affirming care,Negative
thailand parliament overwhelmingly approved marriage equality bill wednesday landmark step that moves asia most liberal countries closer becoming third territory legalize same unions,Positive
there been mixed response amongst australian medical professionals after release england cass review into treatment children with gender dysphoria here what some them about findings,Neutral
there lakh cent males lakh cent females third gender voters among first time voters this time,Neutral
there mental health crisis among young people autism spectrum digital media fault,Negative
these women having drag court nothing towards their children here woman gets doctor salary says enough said,Negative
they clearly demonstrate that enforcement never side lgbtq people allison chapman said,Positive
they starting with minors process tried true,Positive
thirteen students traveled from orleans baton rouge march protest several anti lgbtq bills consideration republican controlled house senate,Negative
this absolutely horrifying development tennessee lgbtq legislative researcher allison chapman told truthout,Negative
this advert slays million moms seeing this advert slays million moms seeing,Neutral
this first time harry potter author faced backlash over comments about transgender people,Neutral
this left attack christian demographic despised democratic party,Negative
this will instill much hope lives kids lgbtq legislative researchers allison chapman said,Positive
tomdispatch name marjorie taylor greene shouted from house floor during president biden state union address same slogan shirt wore under jacket which with picture person whose,Neutral
trans advocates using this year international transgender visibility shed light their lived experiences including celebrating trans people positive societal contributions locally they also important draw attention,Positive
transgender activists allies monday decried vatican doctrine against gender affirming surgery hurtful devoid voices experiences trans binary gender diverse people especially distinction between transgen,Negative
transgender actor elliot page blasting hollywood producers feel that queer films movies mainstream audience,Negative
transgender catholics voicing disappointment with vatican document rejecting fundamental concept changing biological essence restatement longstanding catholic teaching dismay heightened because recent,Negative
transgender people north macedonia refuse silenced continue struggle full integration society marking international transgender visibility with march skopje,Negative
transgender people overwhelmingly describe their lives after transitioning happier authentic comforting despite deluge state legislation that seeks restrict their access health care other aspects life,Positive
transgender trailblazers candis cayne danna davis recently told advocate about their production company mary mary productions upcoming projects want miss,Neutral
transgender visibility been observed march since while date easter changes every year,Neutral
transgender visibility celebrated annually march dedicated honoring vibrance diversity resilience transgender community this year human rights campaign nation largest lgbtq civil rights organizatio,Positive
transgender woman been sentenced total years prison royal defamation related computer crimes according thai lawyers human rights tlhr,Negative
transgender youth south must travel hundreds miles access gender affirming care according research,Neutral
transparent public discussions needed around gender identity gender expression being defined given effect education public policy beyond,Neutral
true that born wrong body true that change gender true that puberty blockers will help children high time stopped telling children these things,Positive
trump camp decries assault christian faith while white house blasts cruel hateful dishonest rhetoric,Negative
trump campaign other prominent conservatives attacked biden recognizing transgender visibility easter sunday,Negative
tuesday evening hilary cass released final report commissioned widely expected target gender affirming care report these expectations calling restrictions gender affirming care social transition even advocate,Positive
tuesday papers report figure wages council staff labour plan tackle dodgers,Neutral
tulsa county district attorney said bringing criminal charges against teens involved fight with benedict nonbinary student died last month after altercation school,Negative
tyler laube pleaded guilty last year misdemeanor count tied involvement rise above movement southern california white supremacist group,Negative
united states middle culture headlines full lawmakers social commentators vilifying everything from pronouns healthcare books grade school libraries youth sports bathrooms beyond seems danger,Negative
united states women national soccer team player apologized after sharing liking online content deemed offensive korbin albert year from illinois faced criticism online sharing video from christian service that showed,Negative
university iowa consulted with human rights campaign improve their score after being docked over their transgender insurance policy,Positive
updated with latest streaming event april warner bros discovery confirmed coming harry potter fans company announced series based seven books about wizard written rowling below,Neutral
vatican declared that gender affirming surgeries surrogacy grave threats human dignity document from doctrine office puts them with abortion euthanasia practices that violate plan human life most,Negative
vatican declared that gender affirming surgeries surrogacy grave violations human dignity document from doctrine office puts them with abortion euthanasia practices that violate plan human life,Negative
vatican denounced gender affirming surgery surrogacy affront human dignity read full article,Positive
vatican doctrine office issued infinite dignity page declaration that been works five years,Positive
vatican monday declared change operations surrogacy grave threats human dignity putting them with abortion euthanasia practices that violate plan human life,Negative
vatican monday declared gender affirming surgery surrogacy grave threats human dignity putting them with abortion euthanasia practices that violate plan human life,Negative
vatican monday issued declaration dignitas infinita human dignity warning that practice surrogacy transgender surgeries gender theory contrary read more post vatican warns surrogacy trans surgeries gender ideology,Negative
vatican remains opposed concepts like abortion euthanasia describing them grave violations,Negative
victoria atkins criticises culture secrecy gender support treatment children,Negative
virginia governor rough week,Negative
voters orange county california ousted culture warriors making clear their dissatisfaction with attacks curriculum books teachers students howard blume reports angeles times voters city orange appear have oust,Negative
wall street journal desantis record includes restrictions teaching gender identity sexual orientation schools stopping funding diversity programs roadblocks transgender medical care laws barring minors from lewd perfo,Positive
washington will mandate that state public schools teach lgbtq history blue states continue diverge whether schools should expose kids trans identities,Negative
website admitted that later adding accurate context story significantly diminished news value article being dropped,Negative
what woman pregnant questions like those frequently raised senate hearings progressive nominees federal,Positive
when becomes canon,Neutral
when child dies child loss incalculable there loss daughter sibling cousin best friend there loss life snuffed before time loss future knows what that child could have accomplishe,Negative
when organization that oversees competitive climbing rolled facto trans women girls these athletes weren going accept without fight their organizing created roadmap respond attacks,Positive
while girl trends have been heavily criticised many young women argue that they have helped them reclaim parts their femininity that they were denied growing such problem when trans women participate,Positive
while transgender visibility event been held annually international human rights advocates since this year march happened coincide with sunday which many christians will celebrate easter timing,Neutral
white house acknowledged which fell christian holiday this year statement friday,Neutral
white house deputy press secretary andrew bates responded retraction saying publication right thing retracting this story post daily caller fully retracts article claiming biden banned religious easter eggs from white house,Neutral
white house press secretary karine jean pierre posted statement twitter saturday night promoting transgender visibility after biden faced barrage criticism issuing white house proclamation declaring tomorrow easter sunday transg,Negative
white house pushing back against republicans misleading criticism biden transgender visibility proclamation same easter,Negative
widening gender attitudes among youth needs bridged before wreaks more damage need catch them young initiate dialogues social issues foster respect individual autonomy,Negative
will instruct gender clinics implement pause first appointments those under after release long awaited review government service treats youth with gender dysphoria,Neutral
wisconsin democratic governor vetoed anti transgender sports bill that would trans students from participating sports that aligned with their gender identity lgbtq kids deserve love respect support just like othe,Positive
wisconsin democratic tony evers vetoed bill tuesday that would have prohibited transgender athletes from participating high school sports teams that correspond with their gender identity,Neutral
wisconsin tony evers vetoed bill passed republican controlled legislature that would have banned high school transgender athletes from competing teams that align with their gender identity,Neutral
wisconsin tony evers vetoed bill tuesday that passed republican controlled legislature high school transgender athletes from competing teams that align with their gender identity,Neutral
wisconsin tony evers vetoed bill tuesday that would have banned trans nonbinary youth from playing teams that align with their identity,Neutral
with hate misinformation being spun social media trying pick fight with every steaming pile nonsense that some right wing crap slinging politician tinfoil rocking conspiracy worshipper sometimes feel like trying soak,Negative
with kansas poised gender affirming care minors college students trying counter republican efforts roll back transgender rights pushing state largest university declare itself haven trans youth,Neutral
with kosa passed information access minor will limited censored under guise protecting which responsibility parents government have learned much about world about myself through social,Neutral
with science behind covid global warming french report indicated that reasoned debate silenced challenges woke ideology were dismissed post french senate report change surgery minors could greatest ethical,Positive
with second child perpetually canceled youtuber reflects life pissing people what learned along,Neutral
women basketball ncaa tournament championship ohio sunday approaches conversation during saturday press conference from cleveland meant celebrate achievements women basketball spotlight transgender inclusion,Positive
world professional association transgender health appeared have removed standards care version from website,Neutral
would seem superfluous argue that women equally competitive athletics thus there should spcific categories know that with puberty comes differences traits involved athletic success including muscles,Positive
wyoming governor friday vetoed bill that would have erected significant barriers abortion should remain legal state signed legislation banning gender affirming care minors,Positive
yeah post biden claims didn proclaim easter sunday trans visibility first appeared tion,Positive
year biological reportedly managed breastfeed grandchild using experimental hormones post sick year transgender woman breastfeeds grandchild using experimental hormones appeared first gateway pundit,Negative
year lgbtq activist president queer alumni club princeton university been arrested downloading child pornography trey farmer former piano prodigy holds bachelor degree classical philosophy from princeton,Negative
year pontiff says sees justification giving post despite spate health issues,Neutral
years long words between harry potter creator rowling supporters transgender rights heated again today with release independent review gender identity services children young people delivered britain nationa,Negative
york state attorney general letitia james speaks after winning civil fraud trial against donald trump trump organization manhattan county previously suggested would appeal adverse decision more,Negative
your international trans visibility trans nonbinary gender expansive people must remind ourselves successes every know well that visibility comes with both rewards challenges,Positive